id,first_name,last_name,email,gender,ip_address
1,Tonie,Kilgannon,tkilgannon0@spiegel.de,Female,9.253.12.70
2,Paola,Blankley,pblankley1@shop-pro.jp,Female,99.67.107.89
3,Ambrosi,Baverstock,abaverstock2@desdev.cn,Male,84.20.233.6
4,Eula,Dunnico,edunnico3@flavors.me,Female,10.218.216.106
5,Wells,Attenbarrow,wattenbarrow4@dailymail.co.uk,Male,115.3.36.232
6,Fabiano,Vatini,fvatini5@macromedia.com,Male,241.162.161.231
7,Herculie,Donavan,hdonavan6@tamu.edu,Male,191.225.113.247
8,Diego,Islep,dislep7@usda.gov,Male,152.129.124.9
9,Peri,Feasey,pfeasey8@ted.com,Female,186.189.93.211
